{"cameraMode":{"drawMode":0,"name":"Shaded","section":"Shading Mode"},"sceneLighting":true,"audioPlay":false,"sceneViewState":{"m_AlwaysRefresh":false,"showFog":true,"showSkybox":true,"showFlares":true,"showImageEffects":true,"showParticleSystems":true,"showVisualEffectGraphs":true,"m_FxEnabled":true},"in2DMode":false,"pivot":{"x":981.306396484375,"y":414.19097900390627,"z":92.21621704101563},"rotation":{"x":-0.11107945442199707,"y":-0.0008960261475294828,"z":0.00010137006029253826,"w":-0.9938075542449951},"size":785.9977416992188,"orthographic":false}