{"cameraMode":{"drawMode":0,"name":"Shaded","section":"Shading Mode"},"sceneLighting":true,"audioPlay":false,"sceneViewState":{"m_AlwaysRefresh":false,"showFog":true,"showSkybox":true,"showFlares":true,"showImageEffects":true,"showParticleSystems":true,"showVisualEffectGraphs":true,"m_FxEnabled":true},"in2DMode":false,"pivot":{"x":48.322181701660159,"y":-4.113361358642578,"z":-68.27644348144531},"rotation":{"x":0.22512929141521455,"y":0.09976153820753098,"z":-0.023185307160019876,"w":0.9689366221427918},"size":14.996843338012696,"orthographic":false}